{
    // The tab key will cycle through the settings when first created
    // Visit http://wbond.net/sublime_packages/sftp/settings for help
    
    // sftp, ftp or ftps
    "type": "sftp",

    "save_before_upload": true,
    "upload_on_save": false,
    "sync_down_on_open": false,
    "sync_skip_deletes": false,
    "sync_same_age": true,
    "confirm_downloads": false,
    "confirm_sync": true,
    "confirm_overwrite_newer": false,
    "allow_config_upload":true,
    
    "host": "65.2.28.22",
    "user": "ubuntu",
    // "password": "malik#2016",
    "port": "22",
    
    "remote_path": "/home/ubuntu/Messoldbkp",
    "ignore_regexes": [
        "\\.sublime-(project|workspace)", "sftp-config(-alt\\d?)?\\.json",
        "sftp-settings\\.json", "/venv/", "\\.svn/", "\\.hg/", "\\.git/",
        "\\.bzr", "_darcs", "CVS", "\\.DS_Store", "Thumbs\\.db", "desktop\\.ini"
    ],
    //"file_permissions": "664",
    //"dir_permissions": "775",
    
    //"extra_list_connections": 0,

    "connect_timeout": 30,
    //"keepalive": 120,
    //"ftp_passive_mode": true,
    //"ftp_obey_passive_host": false,
    //"ssh_key_file": "~/.ssh/id_rsa",
    //"ssh_key_file": "~/Documents/SilverPush-Dev.pem"
    
    // "ssh_key_file": "~/Dropbox/Pem/Messold23Jan.pem"

    "ssh_key_file": "~/Documents/Keys/Messold2023.pem"
    //"ssh_key_file": "~/Documents/SilverPush-Dev.pem"
    //"ssh_key_file": "~/Desktop/pem/SilverPush-Dev.pem"
    //"sftp_flags": ["-F", "/path/to/ssh_config"],
    //"ssh_key_file": "/Data/Aman_Nagpal/Ddrive/NewSilverpush/SilverPush-Dev.pem",
    //"preserve_modification_times": false,
    //"remote_time_offset_in_hours": 0,
    //"remote_encoding": "utf-8",
    //"remote_locale": "C",
    //"allow_config_upload": false,
}





